image_path,area,weight,label
/mnt/data/dataset/apple-weight-dataset/v1/3200-10/image0000516.png,942271.0,3200,1
/mnt/data/dataset/apple-weight-dataset/v1/4025-13/image0000614.png,1128392.5,4025,2
/mnt/data/dataset/apple-weight-dataset/v1/3280-9/image0000465.png,939686.0,3280,1
/mnt/data/dataset/apple-weight-dataset/v1/3210-11/image0000557.png,942293.0,3210,1
/mnt/data/dataset/apple-weight-dataset/v1/3640-12/image0000589.png,1041909.0,3640,2
/mnt/data/dataset/apple-weight-dataset/v1/2045-20/image0000996.png,655861.5,2045,0
/mnt/data/dataset/apple-weight-dataset/v1/2045-22/image0001123.png,649239.5,2045,0
/mnt/data/dataset/apple-weight-dataset/v1/3740-15/image0000754.png,1064160.5,3740,2
/mnt/data/dataset/apple-weight-dataset/v1/4025-13/image0000645.png,1097894.5,4025,2
/mnt/data/dataset/apple-weight-dataset/v1/2000-18/image0000915.png,591168.0,2000,0
/mnt/data/dataset/apple-weight-dataset/v1/2865-26/image0001291.png,860170.0,2865,1
/mnt/data/dataset/apple-weight-dataset/v1/4440-14/image0000703.png,1242233.0,4440,2
/mnt/data/dataset/apple-weight-dataset/v1/2570-7/image0000354.png,787645.5,2570,1
/mnt/data/dataset/apple-weight-dataset/v1/4060-16/image0000768.png,1181355.5,4060,2
/mnt/data/dataset/apple-weight-dataset/v1/3200-10/image0000524.png,932879.5,3200,1
/mnt/data/dataset/apple-weight-dataset/v1/3740-15/image0000732.png,1107620.0,3740,2
/mnt/data/dataset/apple-weight-dataset/v1/3130-27/image0001316.png,981733.5,3130,1
/mnt/data/dataset/apple-weight-dataset/v1/2940-29/image0001464.png,880757.0,2940,1
/mnt/data/dataset/apple-weight-dataset/v1/3020-24/image0001204.png,888000.5,3020,1
/mnt/data/dataset/apple-weight-dataset/v1/2965-28/image0001399.png,869862.5,2965,1
/mnt/data/dataset/apple-weight-dataset/v1/2965-28/image0001400.png,880888.5,2965,1
/mnt/data/dataset/apple-weight-dataset/v1/3210-11/image0000540.png,922696.5,3210,1
/mnt/data/dataset/apple-weight-dataset/v1/3280-9/image0000462.png,979466.5,3280,1
/mnt/data/dataset/apple-weight-dataset/v1/2755-6/image0000321.png,875295.5,2755,1
/mnt/data/dataset/apple-weight-dataset/v1/3280-9/image0000452.png,977177.0,3280,1
/mnt/data/dataset/apple-weight-dataset/v1/3020-24/image0001188.png,937326.5,3020,1
/mnt/data/dataset/apple-weight-dataset/v1/3280-9/image0000459.png,990037.0,3280,1
/mnt/data/dataset/apple-weight-dataset/v1/3130-27/image0001349.png,920465.5,3130,1
/mnt/data/dataset/apple-weight-dataset/v1/2045-22/image0001111.png,623964.0,2045,0
/mnt/data/dataset/apple-weight-dataset/v1/2080-21/image0001045.png,687231.5,2080,0
/mnt/data/dataset/apple-weight-dataset/v1/3270-8/image0000428.png,936635.5,3270,1
/mnt/data/dataset/apple-weight-dataset/v1/2000-23/image0001173.png,595426.5,2000,0
/mnt/data/dataset/apple-weight-dataset/v1/2045-22/image0001127.png,695244.0,2045,0
/mnt/data/dataset/apple-weight-dataset/v1/3280-9/image0000447.png,958546.0,3280,1
/mnt/data/dataset/apple-weight-dataset/v1/3210-11/image0000564.png,974963.0,3210,1
/mnt/data/dataset/apple-weight-dataset/v1/4060-16/image0000790.png,1140428.0,4060,2
/mnt/data/dataset/apple-weight-dataset/v1/3210-11/image0000550.png,952072.0,3210,1
/mnt/data/dataset/apple-weight-dataset/v1/2045-20/image0001005.png,611050.5,2045,0
/mnt/data/dataset/apple-weight-dataset/v1/2080-21/image0001067.png,594192.5,2080,0
/mnt/data/dataset/apple-weight-dataset/v1/2045-20/image0000988.png,655292.5,2045,0
/mnt/data/dataset/apple-weight-dataset/v1/2045-22/image0001097.png,648019.0,2045,0
/mnt/data/dataset/apple-weight-dataset/v1/2965-28/image0001408.png,895196.0,2965,1
/mnt/data/dataset/apple-weight-dataset/v1/4440-14/image0000710.png,1167880.5,4440,2
/mnt/data/dataset/apple-weight-dataset/v1/2965-28/image0001411.png,899768.0,2965,1
/mnt/data/dataset/apple-weight-dataset/v1/4060-16/image0000795.png,1081167.0,4060,2
/mnt/data/dataset/apple-weight-dataset/v1/4440-14/image0000669.png,1209858.0,4440,2
/mnt/data/dataset/apple-weight-dataset/v1/2570-7/image0000347.png,798470.5,2570,1
/mnt/data/dataset/apple-weight-dataset/v1/2000-23/image0001150.png,632468.5,2000,0
/mnt/data/dataset/apple-weight-dataset/v1/2045-20/image0001024.png,641711.5,2045,0
/mnt/data/dataset/apple-weight-dataset/v1/2570-7/image0000388.png,781553.5,2570,1
/mnt/data/dataset/apple-weight-dataset/v1/3790-17/image0000831.png,1073380.5,3790,2
/mnt/data/dataset/apple-weight-dataset/v1/2940-29/image0001442.png,858530.5,2940,1
/mnt/data/dataset/apple-weight-dataset/v1/3210-11/image0000544.png,999215.5,3210,1
/mnt/data/dataset/apple-weight-dataset/v1/2000-18/image0000930.png,629522.5,2000,0
/mnt/data/dataset/apple-weight-dataset/v1/2000-19/image0000976.png,654055.0,2000,0
/mnt/data/dataset/apple-weight-dataset/v1/2000-23/image0001159.png,598420.0,2000,0
/mnt/data/dataset/apple-weight-dataset/v1/2885-4/image0000273.png,836679.5,2885,1
/mnt/data/dataset/apple-weight-dataset/v1/3200-10/image0000503.png,989506.5,3200,1
/mnt/data/dataset/apple-weight-dataset/v1/3020-24/image0001207.png,901363.0,3020,1
/mnt/data/dataset/apple-weight-dataset/v1/3020-24/image0001199.png,881520.5,3020,1
/mnt/data/dataset/apple-weight-dataset/v1/2965-28/image0001407.png,880270.5,2965,1
/mnt/data/dataset/apple-weight-dataset/v1/2865-26/image0001293.png,857503.0,2865,1
/mnt/data/dataset/apple-weight-dataset/v1/2000-23/image0001134.png,662162.5,2000,0
/mnt/data/dataset/apple-weight-dataset/v1/4060-16/image0000783.png,1052340.0,4060,2
/mnt/data/dataset/apple-weight-dataset/v1/3020-24/image0001223.png,910822.5,3020,1
/mnt/data/dataset/apple-weight-dataset/v1/2000-18/image0000927.png,631178.5,2000,0
/mnt/data/dataset/apple-weight-dataset/v1/2000-18/image0000935.png,582674.5,2000,0
/mnt/data/dataset/apple-weight-dataset/v1/2865-26/image0001274.png,874859.5,2865,1
/mnt/data/dataset/apple-weight-dataset/v1/2940-29/image0001450.png,845696.5,2940,1
/mnt/data/dataset/apple-weight-dataset/v1/3130-27/image0001326.png,929229.5,3130,1
/mnt/data/dataset/apple-weight-dataset/v1/2000-23/image0001139.png,632957.5,2000,0
/mnt/data/dataset/apple-weight-dataset/v1/2440-3/image0000246.png,758074.5,2440,0
/mnt/data/dataset/apple-weight-dataset/v1/3740-15/image0000743.png,1093938.0,3740,2
/mnt/data/dataset/apple-weight-dataset/v1/4060-16/image0000771.png,1073990.5,4060,2
/mnt/data/dataset/apple-weight-dataset/v1/3790-17/image0000827.png,1143165.5,3790,2
/mnt/data/dataset/apple-weight-dataset/v1/2930-25/image0001268.png,878216.0,2930,1
/mnt/data/dataset/apple-weight-dataset/v1/4060-16/image0000805.png,1131336.0,4060,2
/mnt/data/dataset/apple-weight-dataset/v1/2360-2/image0000230.png,684873.5,2360,0
/mnt/data/dataset/apple-weight-dataset/v1/2000-18/image0000931.png,625758.0,2000,0
/mnt/data/dataset/apple-weight-dataset/v1/4060-16/image0000816.png,1090123.5,4060,2
/mnt/data/dataset/apple-weight-dataset/v1/4440-14/image0000658.png,1207578.5,4440,2
/mnt/data/dataset/apple-weight-dataset/v1/3280-9/image0000460.png,995388.5,3280,1
/mnt/data/dataset/apple-weight-dataset/v1/2415-1/image0000211.png,703515.0,2415,0
/mnt/data/dataset/apple-weight-dataset/v1/3130-27/image0001322.png,911738.0,3130,1
/mnt/data/dataset/apple-weight-dataset/v1/3640-12/image0000603.png,1077808.5,3640,2
/mnt/data/dataset/apple-weight-dataset/v1/4440-14/image0000698.png,1231566.0,4440,2
/mnt/data/dataset/apple-weight-dataset/v1/3740-15/image0000720.png,1106774.0,3740,2
/mnt/data/dataset/apple-weight-dataset/v1/3200-10/image0000505.png,953143.5,3200,1
/mnt/data/dataset/apple-weight-dataset/v1/2940-29/image0001448.png,844171.5,2940,1
/mnt/data/dataset/apple-weight-dataset/v1/4440-14/image0000661.png,1248983.0,4440,2
/mnt/data/dataset/apple-weight-dataset/v1/2940-29/image0001429.png,898817.0,2940,1
/mnt/data/dataset/apple-weight-dataset/v1/4060-16/image0000810.png,1096280.0,4060,2
/mnt/data/dataset/apple-weight-dataset/v1/2965-28/image0001378.png,890669.0,2965,1
/mnt/data/dataset/apple-weight-dataset/v1/2045-22/image0001115.png,704959.0,2045,0
/mnt/data/dataset/apple-weight-dataset/v1/2000-23/image0001161.png,604711.0,2000,0
/mnt/data/dataset/apple-weight-dataset/v1/3130-27/image0001327.png,976352.0,3130,1
/mnt/data/dataset/apple-weight-dataset/v1/2000-19/image0000963.png,616131.0,2000,0
/mnt/data/dataset/apple-weight-dataset/v1/4440-14/image0000655.png,1254679.0,4440,2
/mnt/data/dataset/apple-weight-dataset/v1/2080-21/image0001070.png,607096.5,2080,0
/mnt/data/dataset/apple-weight-dataset/v1/3270-8/image0000421.png,974440.0,3270,1
/mnt/data/dataset/apple-weight-dataset/v1/2570-7/image0000356.png,818038.0,2570,1
/mnt/data/dataset/apple-weight-dataset/v1/2755-6/image0000313.png,858828.5,2755,1
/mnt/data/dataset/apple-weight-dataset/v1/2045-20/image0001020.png,610552.5,2045,0
/mnt/data/dataset/apple-weight-dataset/v1/4025-13/image0000642.png,1139697.5,4025,2
/mnt/data/dataset/apple-weight-dataset/v1/4440-14/image0000709.png,1171699.0,4440,2
/mnt/data/dataset/apple-weight-dataset/v1/2000-23/image0001156.png,596769.0,2000,0
/mnt/data/dataset/apple-weight-dataset/v1/4440-14/image0000683.png,1203860.5,4440,2
/mnt/data/dataset/apple-weight-dataset/v1/4440-14/image0000706.png,1212354.0,4440,2
/mnt/data/dataset/apple-weight-dataset/v1/2000-23/image0001140.png,646043.0,2000,0
/mnt/data/dataset/apple-weight-dataset/v1/3740-15/image0000737.png,1091599.0,3740,2
/mnt/data/dataset/apple-weight-dataset/v1/3130-27/image0001340.png,937122.5,3130,1
/mnt/data/dataset/apple-weight-dataset/v1/2965-28/image0001392.png,883352.5,2965,1
/mnt/data/dataset/apple-weight-dataset/v1/3130-27/image0001323.png,917846.5,3130,1
/mnt/data/dataset/apple-weight-dataset/v1/3210-11/image0000538.png,1034492.0,3210,1
/mnt/data/dataset/apple-weight-dataset/v1/3020-24/image0001176.png,925947.5,3020,1
/mnt/data/dataset/apple-weight-dataset/v1/3200-10/image0000498.png,934092.0,3200,1
/mnt/data/dataset/apple-weight-dataset/v1/3210-11/image0000545.png,1003147.5,3210,1
/mnt/data/dataset/apple-weight-dataset/v1/2000-19/image0000958.png,669307.0,2000,0
/mnt/data/dataset/apple-weight-dataset/v1/2000-23/image0001137.png,608138.0,2000,0
/mnt/data/dataset/apple-weight-dataset/v1/3210-11/image0000529.png,963294.0,3210,1
/mnt/data/dataset/apple-weight-dataset/v1/3270-8/image0000432.png,983203.5,3270,1
/mnt/data/dataset/apple-weight-dataset/v1/3790-17/image0000856.png,1053290.5,3790,2
/mnt/data/dataset/apple-weight-dataset/v1/2940-29/image0001459.png,881981.0,2940,1
/mnt/data/dataset/apple-weight-dataset/v1/2000-18/image0000896.png,633479.5,2000,0
/mnt/data/dataset/apple-weight-dataset/v1/2000-23/image0001157.png,604630.5,2000,0
/mnt/data/dataset/apple-weight-dataset/v1/2000-23/image0001164.png,617554.0,2000,0
/mnt/data/dataset/apple-weight-dataset/v1/4440-14/image0000687.png,1158637.0,4440,2
/mnt/data/dataset/apple-weight-dataset/v1/2965-28/image0001385.png,932081.5,2965,1
/mnt/data/dataset/apple-weight-dataset/v1/3130-27/image0001344.png,941011.5,3130,1
/mnt/data/dataset/apple-weight-dataset/v1/2045-20/image0000991.png,612834.0,2045,0
/mnt/data/dataset/apple-weight-dataset/v1/3270-8/image0000436.png,963433.0,3270,1
/mnt/data/dataset/apple-weight-dataset/v1/2000-19/image0000953.png,658913.0,2000,0
/mnt/data/dataset/apple-weight-dataset/v1/2865-26/image0001295.png,853931.5,2865,1
/mnt/data/dataset/apple-weight-dataset/v1/2000-23/image0001149.png,613339.5,2000,0
/mnt/data/dataset/apple-weight-dataset/v1/2930-25/image0001259.png,887083.5,2930,1
/mnt/data/dataset/apple-weight-dataset/v1/3020-24/image0001222.png,908522.0,3020,1
/mnt/data/dataset/apple-weight-dataset/v1/4025-13/image0000628.png,1221883.5,4025,2
/mnt/data/dataset/apple-weight-dataset/v1/2930-25/image0001253.png,862864.0,2930,1
/mnt/data/dataset/apple-weight-dataset/v1/3020-24/image0001179.png,909538.5,3020,1
/mnt/data/dataset/apple-weight-dataset/v1/3740-15/image0000759.png,1081686.5,3740,2
/mnt/data/dataset/apple-weight-dataset/v1/3790-17/image0000873.png,1054359.0,3790,2
/mnt/data/dataset/apple-weight-dataset/v1/2000-18/image0000910.png,650418.5,2000,0
/mnt/data/dataset/apple-weight-dataset/v1/2080-21/image0001065.png,605833.5,2080,0
/mnt/data/dataset/apple-weight-dataset/v1/2045-20/image0001012.png,620757.0,2045,0
/mnt/data/dataset/apple-weight-dataset/v1/2930-25/image0001249.png,861670.0,2930,1
/mnt/data/dataset/apple-weight-dataset/v1/2930-25/image0001230.png,857493.5,2930,1
/mnt/data/dataset/apple-weight-dataset/v1/2940-29/image0001417.png,897151.5,2940,1
/mnt/data/dataset/apple-weight-dataset/v1/3740-15/image0000753.png,1057856.0,3740,2
/mnt/data/dataset/apple-weight-dataset/v1/2965-28/image0001402.png,887173.0,2965,1
/mnt/data/dataset/apple-weight-dataset/v1/2865-26/image0001283.png,876571.5,2865,1
/mnt/data/dataset/apple-weight-dataset/v1/4440-14/image0000681.png,1188450.5,4440,2
/mnt/data/dataset/apple-weight-dataset/v1/2045-20/image0001026.png,650432.5,2045,0
/mnt/data/dataset/apple-weight-dataset/v1/2865-26/image0001310.png,868080.0,2865,1
/mnt/data/dataset/apple-weight-dataset/v1/2000-18/image0000923.png,610947.0,2000,0
/mnt/data/dataset/apple-weight-dataset/v1/2755-6/image0000339.png,827475.5,2755,1
/mnt/data/dataset/apple-weight-dataset/v1/3130-27/image0001346.png,932273.5,3130,1
/mnt/data/dataset/apple-weight-dataset/v1/3740-15/image0000723.png,1087442.0,3740,2
/mnt/data/dataset/apple-weight-dataset/v1/2000-18/image0000917.png,608364.0,2000,0
/mnt/data/dataset/apple-weight-dataset/v1/3790-17/image0000868.png,1063818.0,3790,2
/mnt/data/dataset/apple-weight-dataset/v1/3280-9/image0000474.png,938589.0,3280,1
/mnt/data/dataset/apple-weight-dataset/v1/2000-18/image0000922.png,612407.5,2000,0
/mnt/data/dataset/apple-weight-dataset/v1/2885-4/image0000269.png,896782.0,2885,1
/mnt/data/dataset/apple-weight-dataset/v1/3200-10/image0000489.png,959561.5,3200,1
/mnt/data/dataset/apple-weight-dataset/v1/3640-12/image0000588.png,1047921.0,3640,2
/mnt/data/dataset/apple-weight-dataset/v1/3270-8/image0000424.png,973924.5,3270,1
/mnt/data/dataset/apple-weight-dataset/v1/2930-25/image0001233.png,885953.5,2930,1
/mnt/data/dataset/apple-weight-dataset/v1/2440-3/image0000250.png,730036.5,2440,0
/mnt/data/dataset/apple-weight-dataset/v1/2965-28/image0001368.png,867990.0,2965,1
/mnt/data/dataset/apple-weight-dataset/v1/2570-7/image0000386.png,784591.0,2570,1
/mnt/data/dataset/apple-weight-dataset/v1/2000-18/image0000918.png,617491.5,2000,0
/mnt/data/dataset/apple-weight-dataset/v1/2395-5/image0000289.png,755823.5,2395,0
/mnt/data/dataset/apple-weight-dataset/v1/4060-16/image0000772.png,1080342.0,4060,2
/mnt/data/dataset/apple-weight-dataset/v1/2045-20/image0001001.png,627610.0,2045,0
/mnt/data/dataset/apple-weight-dataset/v1/4440-14/image0000678.png,1292402.5,4440,2
/mnt/data/dataset/apple-weight-dataset/v1/4025-13/image0000650.png,1108543.5,4025,2
/mnt/data/dataset/apple-weight-dataset/v1/2865-26/image0001303.png,863328.5,2865,1
/mnt/data/dataset/apple-weight-dataset/v1/2045-20/image0000995.png,660526.5,2045,0
/mnt/data/dataset/apple-weight-dataset/v1/2965-28/image0001363.png,933693.0,2965,1
/mnt/data/dataset/apple-weight-dataset/v1/2570-7/image0000378.png,790921.0,2570,1
/mnt/data/dataset/apple-weight-dataset/v1/2755-6/image0000342.png,824827.5,2755,1
/mnt/data/dataset/apple-weight-dataset/v1/2570-7/image0000381.png,750469.0,2570,1
/mnt/data/dataset/apple-weight-dataset/v1/4440-14/image0000680.png,1175398.5,4440,2
/mnt/data/dataset/apple-weight-dataset/v1/3270-8/image0000418.png,970699.0,3270,1
/mnt/data/dataset/apple-weight-dataset/v1/4440-14/image0000670.png,1189299.0,4440,2
/mnt/data/dataset/apple-weight-dataset/v1/3640-12/image0000594.png,1061931.0,3640,2
/mnt/data/dataset/apple-weight-dataset/v1/3740-15/image0000749.png,1075610.0,3740,2
/mnt/data/dataset/apple-weight-dataset/v1/3790-17/image0000830.png,1101918.0,3790,2
/mnt/data/dataset/apple-weight-dataset/v1/2080-21/image0001069.png,590767.5,2080,0
/mnt/data/dataset/apple-weight-dataset/v1/2755-6/image0000325.png,815571.0,2755,1
/mnt/data/dataset/apple-weight-dataset/v1/3210-11/image0000562.png,964113.0,3210,1
/mnt/data/dataset/apple-weight-dataset/v1/2045-20/image0000990.png,611194.5,2045,0
/mnt/data/dataset/apple-weight-dataset/v1/3270-8/image0000433.png,968476.0,3270,1
/mnt/data/dataset/apple-weight-dataset/v1/2930-25/image0001245.png,847870.0,2930,1
/mnt/data/dataset/apple-weight-dataset/v1/3130-27/image0001350.png,904979.0,3130,1
/mnt/data/dataset/apple-weight-dataset/v1/3740-15/image0000760.png,1076584.5,3740,2
/mnt/data/dataset/apple-weight-dataset/v1/2045-20/image0001004.png,678730.0,2045,0
/mnt/data/dataset/apple-weight-dataset/v1/2940-29/image0001454.png,881364.0,2940,1
/mnt/data/dataset/apple-weight-dataset/v1/3640-12/image0000586.png,1089246.5,3640,2
/mnt/data/dataset/apple-weight-dataset/v1/4060-16/image0000770.png,1113702.0,4060,2
/mnt/data/dataset/apple-weight-dataset/v1/4025-13/image0000616.png,1131311.5,4025,2
/mnt/data/dataset/apple-weight-dataset/v1/2080-21/image0001053.png,626094.5,2080,0
/mnt/data/dataset/apple-weight-dataset/v1/2865-26/image0001280.png,891218.0,2865,1
/mnt/data/dataset/apple-weight-dataset/v1/3020-24/image0001192.png,928621.0,3020,1
/mnt/data/dataset/apple-weight-dataset/v1/3790-17/image0000882.png,1051727.0,3790,2
/mnt/data/dataset/apple-weight-dataset/v1/2930-25/image0001261.png,892466.0,2930,1
/mnt/data/dataset/apple-weight-dataset/v1/2045-22/image0001094.png,636210.0,2045,0
/mnt/data/dataset/apple-weight-dataset/v1/2000-23/image0001136.png,601342.0,2000,0
/mnt/data/dataset/apple-weight-dataset/v1/3130-27/image0001351.png,888257.0,3130,1
/mnt/data/dataset/apple-weight-dataset/v1/3270-8/image0000425.png,972341.5,3270,1
/mnt/data/dataset/apple-weight-dataset/v1/2045-22/image0001103.png,614730.5,2045,0
/mnt/data/dataset/apple-weight-dataset/v1/4025-13/image0000618.png,1193139.0,4025,2
/mnt/data/dataset/apple-weight-dataset/v1/3790-17/image0000840.png,1156050.0,3790,2
/mnt/data/dataset/apple-weight-dataset/v1/3740-15/image0000739.png,1089165.5,3740,2
/mnt/data/dataset/apple-weight-dataset/v1/3740-15/image0000746.png,1090349.0,3740,2
/mnt/data/dataset/apple-weight-dataset/v1/4025-13/image0000629.png,1124419.0,4025,2
/mnt/data/dataset/apple-weight-dataset/v1/2940-29/image0001431.png,922510.0,2940,1
/mnt/data/dataset/apple-weight-dataset/v1/2940-29/image0001452.png,860882.0,2940,1
/mnt/data/dataset/apple-weight-dataset/v1/3020-24/image0001197.png,950504.5,3020,1
/mnt/data/dataset/apple-weight-dataset/v1/2080-21/image0001044.png,694143.0,2080,0
/mnt/data/dataset/apple-weight-dataset/v1/2000-18/image0000929.png,625129.0,2000,0
/mnt/data/dataset/apple-weight-dataset/v1/2940-29/image0001441.png,870211.0,2940,1
/mnt/data/dataset/apple-weight-dataset/v1/3740-15/image0000758.png,1083579.0,3740,2
/mnt/data/dataset/apple-weight-dataset/v1/2865-26/image0001289.png,893401.5,2865,1
/mnt/data/dataset/apple-weight-dataset/v1/2940-29/image0001451.png,850216.5,2940,1
/mnt/data/dataset/apple-weight-dataset/v1/3020-24/image0001186.png,937330.5,3020,1
/mnt/data/dataset/apple-weight-dataset/v1/2940-29/image0001463.png,869698.0,2940,1
/mnt/data/dataset/apple-weight-dataset/v1/2865-26/image0001312.png,854969.0,2865,1
/mnt/data/dataset/apple-weight-dataset/v1/4440-14/image0000697.png,1236731.0,4440,2
/mnt/data/dataset/apple-weight-dataset/v1/2045-22/image0001090.png,615312.5,2045,0
/mnt/data/dataset/apple-weight-dataset/v1/2930-25/image0001260.png,888664.5,2930,1
/mnt/data/dataset/apple-weight-dataset/v1/2865-26/image0001276.png,872931.0,2865,1
/mnt/data/dataset/apple-weight-dataset/v1/2080-21/image0001054.png,611389.0,2080,0
/mnt/data/dataset/apple-weight-dataset/v1/2045-22/image0001110.png,637228.0,2045,0
/mnt/data/dataset/apple-weight-dataset/v1/2415-1/image0000210.png,690919.0,2415,0
/mnt/data/dataset/apple-weight-dataset/v1/3020-24/image0001211.png,864534.0,3020,1
/mnt/data/dataset/apple-weight-dataset/v1/2045-20/image0001002.png,651810.0,2045,0
/mnt/data/dataset/apple-weight-dataset/v1/4060-16/image0000766.png,1160498.5,4060,2
/mnt/data/dataset/apple-weight-dataset/v1/2000-19/image0000971.png,626568.5,2000,0
/mnt/data/dataset/apple-weight-dataset/v1/2865-26/image0001302.png,854874.0,2865,1
/mnt/data/dataset/apple-weight-dataset/v1/2965-28/image0001373.png,964070.5,2965,1
/mnt/data/dataset/apple-weight-dataset/v1/2885-4/image0000265.png,850586.5,2885,1
/mnt/data/dataset/apple-weight-dataset/v1/2570-7/image0000365.png,762263.5,2570,1
/mnt/data/dataset/apple-weight-dataset/v1/3210-11/image0000554.png,957433.0,3210,1
/mnt/data/dataset/apple-weight-dataset/v1/2045-22/image0001109.png,644221.0,2045,0
/mnt/data/dataset/apple-weight-dataset/v1/2885-4/image0000278.png,857646.5,2885,1
/mnt/data/dataset/apple-weight-dataset/v1/2930-25/image0001247.png,854416.0,2930,1
/mnt/data/dataset/apple-weight-dataset/v1/3740-15/image0000738.png,1092519.0,3740,2
/mnt/data/dataset/apple-weight-dataset/v1/3020-24/image0001219.png,912915.5,3020,1
/mnt/data/dataset/apple-weight-dataset/v1/3130-27/image0001347.png,940975.5,3130,1
/mnt/data/dataset/apple-weight-dataset/v1/2395-5/image0000304.png,702177.5,2395,0
/mnt/data/dataset/apple-weight-dataset/v1/2755-6/image0000331.png,832564.5,2755,1
/mnt/data/dataset/apple-weight-dataset/v1/3130-27/image0001334.png,925812.5,3130,1
/mnt/data/dataset/apple-weight-dataset/v1/2885-4/image0000274.png,809384.0,2885,1
/mnt/data/dataset/apple-weight-dataset/v1/3640-12/image0000598.png,1047300.0,3640,2
/mnt/data/dataset/apple-weight-dataset/v1/3740-15/image0000715.png,1132916.0,3740,2
/mnt/data/dataset/apple-weight-dataset/v1/4440-14/image0000671.png,1218818.0,4440,2
/mnt/data/dataset/apple-weight-dataset/v1/2360-2/image0000220.png,726361.0,2360,0
/mnt/data/dataset/apple-weight-dataset/v1/2940-29/image0001440.png,904106.5,2940,1
/mnt/data/dataset/apple-weight-dataset/v1/3740-15/image0000719.png,1089899.5,3740,2
/mnt/data/dataset/apple-weight-dataset/v1/2000-23/image0001165.png,612304.0,2000,0
/mnt/data/dataset/apple-weight-dataset/v1/2865-26/image0001305.png,884857.5,2865,1
/mnt/data/dataset/apple-weight-dataset/v1/4025-13/image0000625.png,1136431.0,4025,2
/mnt/data/dataset/apple-weight-dataset/v1/3020-24/image0001182.png,915169.0,3020,1
/mnt/data/dataset/apple-weight-dataset/v1/3790-17/image0000826.png,1160222.0,3790,2
/mnt/data/dataset/apple-weight-dataset/v1/4025-13/image0000633.png,1076342.0,4025,2
/mnt/data/dataset/apple-weight-dataset/v1/2360-2/image0000219.png,751822.5,2360,0
/mnt/data/dataset/apple-weight-dataset/v1/3270-8/image0000430.png,943774.5,3270,1
/mnt/data/dataset/apple-weight-dataset/v1/4060-16/image0000820.png,1089712.5,4060,2
/mnt/data/dataset/apple-weight-dataset/v1/2885-4/image0000267.png,860707.5,2885,1
/mnt/data/dataset/apple-weight-dataset/v1/3790-17/image0000836.png,1097320.0,3790,2
/mnt/data/dataset/apple-weight-dataset/v1/2930-25/image0001264.png,845051.0,2930,1
/mnt/data/dataset/apple-weight-dataset/v1/4440-14/image0000711.png,1174537.0,4440,2
/mnt/data/dataset/apple-weight-dataset/v1/2000-18/image0000934.png,586000.0,2000,0
/mnt/data/dataset/apple-weight-dataset/v1/2000-23/image0001168.png,604072.5,2000,0
/mnt/data/dataset/apple-weight-dataset/v1/3280-9/image0000480.png,931334.5,3280,1
/mnt/data/dataset/apple-weight-dataset/v1/2965-28/image0001409.png,901718.0,2965,1
/mnt/data/dataset/apple-weight-dataset/v1/2940-29/image0001438.png,906770.5,2940,1
/mnt/data/dataset/apple-weight-dataset/v1/4440-14/image0000674.png,1276096.0,4440,2
/mnt/data/dataset/apple-weight-dataset/v1/3790-17/image0000842.png,1073104.5,3790,2
/mnt/data/dataset/apple-weight-dataset/v1/3200-10/image0000500.png,968916.5,3200,1
/mnt/data/dataset/apple-weight-dataset/v1/2080-21/image0001057.png,611136.0,2080,0
/mnt/data/dataset/apple-weight-dataset/v1/3210-11/image0000543.png,987924.5,3210,1
/mnt/data/dataset/apple-weight-dataset/v1/2415-1/image0000208.png,755747.5,2415,0
/mnt/data/dataset/apple-weight-dataset/v1/2570-7/image0000358.png,801270.5,2570,1
/mnt/data/dataset/apple-weight-dataset/v1/2930-25/image0001244.png,859783.0,2930,1
/mnt/data/dataset/apple-weight-dataset/v1/3740-15/image0000755.png,1083251.0,3740,2
/mnt/data/dataset/apple-weight-dataset/v1/4025-13/image0000623.png,1172714.5,4025,2
/mnt/data/dataset/apple-weight-dataset/v1/2885-4/image0000271.png,870913.0,2885,1
/mnt/data/dataset/apple-weight-dataset/v1/2045-22/image0001102.png,607571.5,2045,0
/mnt/data/dataset/apple-weight-dataset/v1/2965-28/image0001380.png,876098.0,2965,1
/mnt/data/dataset/apple-weight-dataset/v1/3130-27/image0001359.png,934999.0,3130,1
/mnt/data/dataset/apple-weight-dataset/v1/2965-28/image0001404.png,868649.5,2965,1
/mnt/data/dataset/apple-weight-dataset/v1/2000-19/image0000980.png,599209.0,2000,0
/mnt/data/dataset/apple-weight-dataset/v1/4025-13/image0000649.png,1070106.5,4025,2
/mnt/data/dataset/apple-weight-dataset/v1/3020-24/image0001174.png,951031.0,3020,1
/mnt/data/dataset/apple-weight-dataset/v1/3280-9/image0000482.png,962391.0,3280,1
/mnt/data/dataset/apple-weight-dataset/v1/3640-12/image0000585.png,1055140.5,3640,2
/mnt/data/dataset/apple-weight-dataset/v1/2080-21/image0001074.png,619473.5,2080,0
/mnt/data/dataset/apple-weight-dataset/v1/4440-14/image0000691.png,1210858.5,4440,2
/mnt/data/dataset/apple-weight-dataset/v1/3640-12/image0000578.png,1017599.5,3640,2
/mnt/data/dataset/apple-weight-dataset/v1/2755-6/image0000312.png,810472.0,2755,1
/mnt/data/dataset/apple-weight-dataset/v1/3130-27/image0001337.png,920092.0,3130,1
/mnt/data/dataset/apple-weight-dataset/v1/2930-25/image0001237.png,920549.0,2930,1
/mnt/data/dataset/apple-weight-dataset/v1/3130-27/image0001339.png,926583.0,3130,1
/mnt/data/dataset/apple-weight-dataset/v1/2000-18/image0000904.png,631252.5,2000,0
/mnt/data/dataset/apple-weight-dataset/v1/3790-17/image0000850.png,1092671.5,3790,2
/mnt/data/dataset/apple-weight-dataset/v1/4025-13/image0000611.png,1185712.5,4025,2
/mnt/data/dataset/apple-weight-dataset/v1/3130-27/image0001356.png,924223.0,3130,1
/mnt/data/dataset/apple-weight-dataset/v1/2440-3/image0000242.png,752403.5,2440,0
/mnt/data/dataset/apple-weight-dataset/v1/3200-10/image0000513.png,936191.0,3200,1
/mnt/data/dataset/apple-weight-dataset/v1/2395-5/image0000293.png,718772.5,2395,0
/mnt/data/dataset/apple-weight-dataset/v1/3020-24/image0001185.png,949974.0,3020,1
/mnt/data/dataset/apple-weight-dataset/v1/2965-28/image0001381.png,896485.5,2965,1
/mnt/data/dataset/apple-weight-dataset/v1/3270-8/image0000419.png,959742.0,3270,1
/mnt/data/dataset/apple-weight-dataset/v1/3130-27/image0001357.png,917501.0,3130,1
/mnt/data/dataset/apple-weight-dataset/v1/2045-20/image0001011.png,621364.5,2045,0
/mnt/data/dataset/apple-weight-dataset/v1/2940-29/image0001460.png,865857.0,2940,1
/mnt/data/dataset/apple-weight-dataset/v1/3210-11/image0000552.png,952051.0,3210,1
/mnt/data/dataset/apple-weight-dataset/v1/2080-21/image0001071.png,609161.0,2080,0
/mnt/data/dataset/apple-weight-dataset/v1/3020-24/image0001216.png,895002.0,3020,1
/mnt/data/dataset/apple-weight-dataset/v1/2570-7/image0000355.png,822546.0,2570,1
/mnt/data/dataset/apple-weight-dataset/v1/3740-15/image0000745.png,1090632.0,3740,2
/mnt/data/dataset/apple-weight-dataset/v1/3790-17/image0000860.png,1065621.5,3790,2
/mnt/data/dataset/apple-weight-dataset/v1/3790-17/image0000861.png,1079030.5,3790,2
/mnt/data/dataset/apple-weight-dataset/v1/3130-27/image0001345.png,931301.5,3130,1
/mnt/data/dataset/apple-weight-dataset/v1/3640-12/image0000577.png,1048787.5,3640,2
/mnt/data/dataset/apple-weight-dataset/v1/2755-6/image0000335.png,804533.0,2755,1
/mnt/data/dataset/apple-weight-dataset/v1/4060-16/image0000776.png,1219283.5,4060,2
/mnt/data/dataset/apple-weight-dataset/v1/2045-20/image0000985.png,664320.5,2045,0
/mnt/data/dataset/apple-weight-dataset/v1/2045-20/image0001015.png,623809.5,2045,0
/mnt/data/dataset/apple-weight-dataset/v1/3130-27/image0001362.png,928228.0,3130,1
/mnt/data/dataset/apple-weight-dataset/v1/3740-15/image0000750.png,1066168.5,3740,2
/mnt/data/dataset/apple-weight-dataset/v1/2000-18/image0000892.png,650189.5,2000,0
/mnt/data/dataset/apple-weight-dataset/v1/4060-16/image0000818.png,1116492.0,4060,2
/mnt/data/dataset/apple-weight-dataset/v1/2395-5/image0000303.png,704438.5,2395,0
/mnt/data/dataset/apple-weight-dataset/v1/2930-25/image0001229.png,885272.5,2930,1
/mnt/data/dataset/apple-weight-dataset/v1/3200-10/image0000502.png,988010.5,3200,1
/mnt/data/dataset/apple-weight-dataset/v1/2045-20/image0001027.png,653486.5,2045,0
/mnt/data/dataset/apple-weight-dataset/v1/2965-28/image0001406.png,866202.0,2965,1
/mnt/data/dataset/apple-weight-dataset/v1/2395-5/image0000306.png,686175.5,2395,0
/mnt/data/dataset/apple-weight-dataset/v1/3020-24/image0001206.png,894387.0,3020,1
/mnt/data/dataset/apple-weight-dataset/v1/3130-27/image0001329.png,943977.5,3130,1
/mnt/data/dataset/apple-weight-dataset/v1/3280-9/image0000473.png,959302.0,3280,1
/mnt/data/dataset/apple-weight-dataset/v1/3640-12/image0000599.png,1036157.0,3640,2
/mnt/data/dataset/apple-weight-dataset/v1/3270-8/image0000398.png,964819.0,3270,1
/mnt/data/dataset/apple-weight-dataset/v1/3740-15/image0000751.png,1056133.5,3740,2
/mnt/data/dataset/apple-weight-dataset/v1/2000-18/image0000886.png,641144.0,2000,0
/mnt/data/dataset/apple-weight-dataset/v1/4060-16/image0000781.png,1075744.0,4060,2
/mnt/data/dataset/apple-weight-dataset/v1/2965-28/image0001398.png,870959.0,2965,1
/mnt/data/dataset/apple-weight-dataset/v1/2865-26/image0001300.png,869530.0,2865,1
/mnt/data/dataset/apple-weight-dataset/v1/4440-14/image0000694.png,1231577.0,4440,2
/mnt/data/dataset/apple-weight-dataset/v1/4440-14/image0000685.png,1167303.5,4440,2
/mnt/data/dataset/apple-weight-dataset/v1/2080-21/image0001052.png,685544.0,2080,0
/mnt/data/dataset/apple-weight-dataset/v1/3130-27/image0001315.png,946857.5,3130,1
/mnt/data/dataset/apple-weight-dataset/v1/3210-11/image0000533.png,902306.5,3210,1
/mnt/data/dataset/apple-weight-dataset/v1/2000-19/image0000945.png,665113.5,2000,0
/mnt/data/dataset/apple-weight-dataset/v1/2940-29/image0001425.png,908252.0,2940,1
/mnt/data/dataset/apple-weight-dataset/v1/2045-22/image0001099.png,651422.0,2045,0
/mnt/data/dataset/apple-weight-dataset/v1/3020-24/image0001221.png,908328.0,3020,1
/mnt/data/dataset/apple-weight-dataset/v1/2080-21/image0001034.png,675552.5,2080,0
/mnt/data/dataset/apple-weight-dataset/v1/3200-10/image0000504.png,967691.5,3200,1
/mnt/data/dataset/apple-weight-dataset/v1/3130-27/image0001321.png,915565.5,3130,1
/mnt/data/dataset/apple-weight-dataset/v1/2080-21/image0001055.png,607660.0,2080,0
/mnt/data/dataset/apple-weight-dataset/v1/2000-23/image0001141.png,653418.0,2000,0
/mnt/data/dataset/apple-weight-dataset/v1/2395-5/image0000284.png,710299.0,2395,0
/mnt/data/dataset/apple-weight-dataset/v1/3640-12/image0000579.png,1068078.0,3640,2
/mnt/data/dataset/apple-weight-dataset/v1/2755-6/image0000316.png,843384.5,2755,1
/mnt/data/dataset/apple-weight-dataset/v1/2000-19/image0000942.png,621386.0,2000,0
/mnt/data/dataset/apple-weight-dataset/v1/4025-13/image0000619.png,1238187.0,4025,2
/mnt/data/dataset/apple-weight-dataset/v1/2570-7/image0000379.png,776081.5,2570,1
/mnt/data/dataset/apple-weight-dataset/v1/4060-16/image0000812.png,1100566.5,4060,2
/mnt/data/dataset/apple-weight-dataset/v1/3210-11/image0000560.png,940127.0,3210,1
/mnt/data/dataset/apple-weight-dataset/v1/3020-24/image0001205.png,888736.5,3020,1
/mnt/data/dataset/apple-weight-dataset/v1/2755-6/image0000326.png,830142.0,2755,1
/mnt/data/dataset/apple-weight-dataset/v1/3790-17/image0000853.png,1134701.5,3790,2
/mnt/data/dataset/apple-weight-dataset/v1/2885-4/image0000261.png,897626.0,2885,1
/mnt/data/dataset/apple-weight-dataset/v1/2045-20/image0001030.png,649272.5,2045,0
/mnt/data/dataset/apple-weight-dataset/v1/2755-6/image0000332.png,827028.5,2755,1
/mnt/data/dataset/apple-weight-dataset/v1/2865-26/image0001288.png,896018.0,2865,1
/mnt/data/dataset/apple-weight-dataset/v1/4025-13/image0000634.png,1029817.5,4025,2
/mnt/data/dataset/apple-weight-dataset/v1/4025-13/image0000644.png,1132104.5,4025,2
/mnt/data/dataset/apple-weight-dataset/v1/3130-27/image0001314.png,954446.5,3130,1
/mnt/data/dataset/apple-weight-dataset/v1/3790-17/image0000841.png,1101910.5,3790,2
/mnt/data/dataset/apple-weight-dataset/v1/3210-11/image0000549.png,989582.5,3210,1
/mnt/data/dataset/apple-weight-dataset/v1/3740-15/image0000714.png,1043367.0,3740,2
/mnt/data/dataset/apple-weight-dataset/v1/4440-14/image0000662.png,1277827.5,4440,2
/mnt/data/dataset/apple-weight-dataset/v1/3280-9/image0000475.png,915356.5,3280,1
/mnt/data/dataset/apple-weight-dataset/v1/3790-17/image0000865.png,1067649.0,3790,2
/mnt/data/dataset/apple-weight-dataset/v1/2865-26/image0001281.png,870722.5,2865,1
/mnt/data/dataset/apple-weight-dataset/v1/2080-21/image0001078.png,628355.5,2080,0
/mnt/data/dataset/apple-weight-dataset/v1/2865-26/image0001311.png,860601.5,2865,1
/mnt/data/dataset/apple-weight-dataset/v1/2395-5/image0000300.png,696884.0,2395,0
/mnt/data/dataset/apple-weight-dataset/v1/2000-19/image0000961.png,607625.0,2000,0
/mnt/data/dataset/apple-weight-dataset/v1/2360-2/image0000232.png,700454.5,2360,0
/mnt/data/dataset/apple-weight-dataset/v1/2755-6/image0000328.png,819580.0,2755,1
/mnt/data/dataset/apple-weight-dataset/v1/2045-20/image0001021.png,619491.0,2045,0
/mnt/data/dataset/apple-weight-dataset/v1/3740-15/image0000725.png,1082143.5,3740,2
/mnt/data/dataset/apple-weight-dataset/v1/2080-21/image0001050.png,627053.0,2080,0
/mnt/data/dataset/apple-weight-dataset/v1/2045-22/image0001080.png,663051.0,2045,0
/mnt/data/dataset/apple-weight-dataset/v1/3740-15/image0000747.png,1091651.5,3740,2
/mnt/data/dataset/apple-weight-dataset/v1/3210-11/image0000565.png,968210.5,3210,1
/mnt/data/dataset/apple-weight-dataset/v1/3270-8/image0000411.png,972668.0,3270,1
/mnt/data/dataset/apple-weight-dataset/v1/3200-10/image0000508.png,948160.5,3200,1
/mnt/data/dataset/apple-weight-dataset/v1/2000-19/image0000970.png,617061.5,2000,0
/mnt/data/dataset/apple-weight-dataset/v1/3200-10/image0000506.png,939312.5,3200,1
/mnt/data/dataset/apple-weight-dataset/v1/3640-12/image0000587.png,1093400.5,3640,2
/mnt/data/dataset/apple-weight-dataset/v1/4060-16/image0000769.png,1146793.5,4060,2
/mnt/data/dataset/apple-weight-dataset/v1/2930-25/image0001257.png,877471.5,2930,1
/mnt/data/dataset/apple-weight-dataset/v1/3640-12/image0000596.png,1036351.5,3640,2
/mnt/data/dataset/apple-weight-dataset/v1/2885-4/image0000272.png,862448.0,2885,1
/mnt/data/dataset/apple-weight-dataset/v1/3740-15/image0000748.png,1087236.5,3740,2
/mnt/data/dataset/apple-weight-dataset/v1/4440-14/image0000692.png,1229019.0,4440,2
/mnt/data/dataset/apple-weight-dataset/v1/2440-3/image0000248.png,780574.0,2440,0
/mnt/data/dataset/apple-weight-dataset/v1/2045-20/image0000981.png,675102.5,2045,0
/mnt/data/dataset/apple-weight-dataset/v1/2865-26/image0001282.png,850622.5,2865,1
/mnt/data/dataset/apple-weight-dataset/v1/2440-3/image0000258.png,725104.5,2440,0
/mnt/data/dataset/apple-weight-dataset/v1/4440-14/image0000660.png,1235477.0,4440,2
/mnt/data/dataset/apple-weight-dataset/v1/2930-25/image0001266.png,840035.0,2930,1
/mnt/data/dataset/apple-weight-dataset/v1/2885-4/image0000268.png,822144.5,2885,1
/mnt/data/dataset/apple-weight-dataset/v1/3790-17/image0000824.png,1100273.5,3790,2
/mnt/data/dataset/apple-weight-dataset/v1/2000-18/image0000906.png,634819.5,2000,0
/mnt/data/dataset/apple-weight-dataset/v1/2080-21/image0001062.png,625977.5,2080,0
/mnt/data/dataset/apple-weight-dataset/v1/2080-21/image0001076.png,624915.0,2080,0
/mnt/data/dataset/apple-weight-dataset/v1/2965-28/image0001389.png,952962.5,2965,1
/mnt/data/dataset/apple-weight-dataset/v1/3280-9/image0000481.png,960101.5,3280,1
/mnt/data/dataset/apple-weight-dataset/v1/2940-29/image0001419.png,896887.5,2940,1
/mnt/data/dataset/apple-weight-dataset/v1/3270-8/image0000406.png,958136.5,3270,1
/mnt/data/dataset/apple-weight-dataset/v1/2885-4/image0000266.png,883784.0,2885,1
/mnt/data/dataset/apple-weight-dataset/v1/3200-10/image0000497.png,911476.0,3200,1
/mnt/data/dataset/apple-weight-dataset/v1/3740-15/image0000757.png,1095884.5,3740,2
/mnt/data/dataset/apple-weight-dataset/v1/2940-29/image0001439.png,903819.5,2940,1
/mnt/data/dataset/apple-weight-dataset/v1/2865-26/image0001301.png,858241.0,2865,1
/mnt/data/dataset/apple-weight-dataset/v1/2045-20/image0001007.png,618692.0,2045,0
/mnt/data/dataset/apple-weight-dataset/v1/3210-11/image0000563.png,966698.5,3210,1
/mnt/data/dataset/apple-weight-dataset/v1/2045-22/image0001114.png,697056.0,2045,0
/mnt/data/dataset/apple-weight-dataset/v1/3280-9/image0000477.png,902787.0,3280,1
/mnt/data/dataset/apple-weight-dataset/v1/4060-16/image0000793.png,1177511.5,4060,2
/mnt/data/dataset/apple-weight-dataset/v1/2865-26/image0001273.png,869246.5,2865,1
/mnt/data/dataset/apple-weight-dataset/v1/2000-23/image0001154.png,656141.5,2000,0
/mnt/data/dataset/apple-weight-dataset/v1/4440-14/image0000654.png,1196231.5,4440,2
/mnt/data/dataset/apple-weight-dataset/v1/2415-1/image0000216.png,718063.5,2415,0
/mnt/data/dataset/apple-weight-dataset/v1/2080-21/image0001063.png,613928.0,2080,0
/mnt/data/dataset/apple-weight-dataset/v1/4025-13/image0000639.png,1070315.0,4025,2
/mnt/data/dataset/apple-weight-dataset/v1/2045-22/image0001091.png,614700.5,2045,0
/mnt/data/dataset/apple-weight-dataset/v1/3270-8/image0000405.png,999576.5,3270,1
/mnt/data/dataset/apple-weight-dataset/v1/3640-12/image0000602.png,1053124.5,3640,2
/mnt/data/dataset/apple-weight-dataset/v1/3130-27/image0001319.png,938313.5,3130,1
/mnt/data/dataset/apple-weight-dataset/v1/2080-21/image0001036.png,626360.0,2080,0
/mnt/data/dataset/apple-weight-dataset/v1/2415-1/image0000202.png,766387.0,2415,0
/mnt/data/dataset/apple-weight-dataset/v1/2755-6/image0000345.png,795358.5,2755,1
/mnt/data/dataset/apple-weight-dataset/v1/3270-8/image0000414.png,971034.5,3270,1
/mnt/data/dataset/apple-weight-dataset/v1/4440-14/image0000663.png,1282108.5,4440,2
/mnt/data/dataset/apple-weight-dataset/v1/2045-22/image0001124.png,682567.5,2045,0
/mnt/data/dataset/apple-weight-dataset/v1/2000-19/image0000943.png,636974.0,2000,0
/mnt/data/dataset/apple-weight-dataset/v1/2000-23/image0001155.png,587957.0,2000,0
/mnt/data/dataset/apple-weight-dataset/v1/2930-25/image0001231.png,861180.5,2930,1
/mnt/data/dataset/apple-weight-dataset/v1/3200-10/image0000488.png,910160.0,3200,1
/mnt/data/dataset/apple-weight-dataset/v1/3200-10/image0000493.png,992946.0,3200,1
/mnt/data/dataset/apple-weight-dataset/v1/2930-25/image0001248.png,857306.5,2930,1
/mnt/data/dataset/apple-weight-dataset/v1/2415-1/image0000212.png,717580.0,2415,0
/mnt/data/dataset/apple-weight-dataset/v1/2000-19/image0000959.png,678892.0,2000,0
/mnt/data/dataset/apple-weight-dataset/v1/3270-8/image0000427.png,949624.5,3270,1
/mnt/data/dataset/apple-weight-dataset/v1/3210-11/image0000539.png,1015326.5,3210,1
/mnt/data/dataset/apple-weight-dataset/v1/3280-9/image0000438.png,915603.0,3280,1
/mnt/data/dataset/apple-weight-dataset/v1/3790-17/image0000835.png,1083935.5,3790,2
/mnt/data/dataset/apple-weight-dataset/v1/3020-24/image0001189.png,893418.5,3020,1
/mnt/data/dataset/apple-weight-dataset/v1/2965-28/image0001367.png,879653.5,2965,1
/mnt/data/dataset/apple-weight-dataset/v1/3790-17/image0000866.png,1074014.0,3790,2
/mnt/data/dataset/apple-weight-dataset/v1/3200-10/image0000518.png,952192.5,3200,1
/mnt/data/dataset/apple-weight-dataset/v1/3130-27/image0001325.png,915673.0,3130,1
/mnt/data/dataset/apple-weight-dataset/v1/2000-18/image0000905.png,625037.0,2000,0
/mnt/data/dataset/apple-weight-dataset/v1/2000-19/image0000949.png,669472.0,2000,0
/mnt/data/dataset/apple-weight-dataset/v1/2755-6/image0000324.png,804902.5,2755,1
/mnt/data/dataset/apple-weight-dataset/v1/3790-17/image0000876.png,1076335.5,3790,2
/mnt/data/dataset/apple-weight-dataset/v1/3280-9/image0000478.png,901139.5,3280,1
/mnt/data/dataset/apple-weight-dataset/v1/2045-20/image0000987.png,679311.5,2045,0
/mnt/data/dataset/apple-weight-dataset/v1/2930-25/image0001246.png,852238.5,2930,1
/mnt/data/dataset/apple-weight-dataset/v1/3020-24/image0001209.png,892750.0,3020,1
/mnt/data/dataset/apple-weight-dataset/v1/3270-8/image0000403.png,1011673.0,3270,1
/mnt/data/dataset/apple-weight-dataset/v1/3740-15/image0000740.png,1077673.5,3740,2
/mnt/data/dataset/apple-weight-dataset/v1/2360-2/image0000224.png,522378.0,2360,0
/mnt/data/dataset/apple-weight-dataset/v1/2395-5/image0000288.png,779527.0,2395,0
/mnt/data/dataset/apple-weight-dataset/v1/2000-19/image0000966.png,611220.5,2000,0
/mnt/data/dataset/apple-weight-dataset/v1/2045-20/image0001029.png,655363.5,2045,0
/mnt/data/dataset/apple-weight-dataset/v1/2865-26/image0001271.png,879069.0,2865,1
/mnt/data/dataset/apple-weight-dataset/v1/2360-2/image0000238.png,681605.5,2360,0
/mnt/data/dataset/apple-weight-dataset/v1/2360-2/image0000228.png,756887.5,2360,0
/mnt/data/dataset/apple-weight-dataset/v1/3270-8/image0000408.png,984332.0,3270,1
/mnt/data/dataset/apple-weight-dataset/v1/2000-18/image0000913.png,638230.5,2000,0
/mnt/data/dataset/apple-weight-dataset/v1/3210-11/image0000556.png,943861.5,3210,1
/mnt/data/dataset/apple-weight-dataset/v1/2415-1/image0000207.png,626641.0,2415,0
/mnt/data/dataset/apple-weight-dataset/v1/2965-28/image0001393.png,886549.5,2965,1
/mnt/data/dataset/apple-weight-dataset/v1/4440-14/image0000665.png,1286188.5,4440,2
/mnt/data/dataset/apple-weight-dataset/v1/2000-23/image0001147.png,608638.5,2000,0
/mnt/data/dataset/apple-weight-dataset/v1/2000-18/image0000909.png,651163.5,2000,0
/mnt/data/dataset/apple-weight-dataset/v1/4025-13/image0000612.png,1219690.5,4025,2
/mnt/data/dataset/apple-weight-dataset/v1/3790-17/image0000872.png,1032373.5,3790,2
/mnt/data/dataset/apple-weight-dataset/v1/2080-21/image0001066.png,596847.0,2080,0
/mnt/data/dataset/apple-weight-dataset/v1/3270-8/image0000407.png,954741.5,3270,1
/mnt/data/dataset/apple-weight-dataset/v1/2440-3/image0000256.png,739227.5,2440,0
/mnt/data/dataset/apple-weight-dataset/v1/2930-25/image0001242.png,901730.5,2930,1
/mnt/data/dataset/apple-weight-dataset/v1/3790-17/image0000848.png,1035126.5,3790,2
/mnt/data/dataset/apple-weight-dataset/v1/2940-29/image0001455.png,870785.5,2940,1
/mnt/data/dataset/apple-weight-dataset/v1/2000-18/image0000897.png,638336.0,2000,0
/mnt/data/dataset/apple-weight-dataset/v1/2930-25/image0001226.png,933893.0,2930,1
/mnt/data/dataset/apple-weight-dataset/v1/2080-21/image0001060.png,611920.5,2080,0
/mnt/data/dataset/apple-weight-dataset/v1/2000-19/image0000956.png,620307.0,2000,0
/mnt/data/dataset/apple-weight-dataset/v1/3740-15/image0000717.png,1094913.0,3740,2
/mnt/data/dataset/apple-weight-dataset/v1/3280-9/image0000444.png,988051.5,3280,1
/mnt/data/dataset/apple-weight-dataset/v1/3740-15/image0000730.png,1145932.0,3740,2
/mnt/data/dataset/apple-weight-dataset/v1/3790-17/image0000878.png,1107970.5,3790,2
/mnt/data/dataset/apple-weight-dataset/v1/3020-24/image0001217.png,903054.0,3020,1
/mnt/data/dataset/apple-weight-dataset/v1/2045-20/image0001014.png,624897.0,2045,0
/mnt/data/dataset/apple-weight-dataset/v1/2045-20/image0000997.png,679549.0,2045,0
/mnt/data/dataset/apple-weight-dataset/v1/2940-29/image0001435.png,877894.0,2940,1
/mnt/data/dataset/apple-weight-dataset/v1/2965-28/image0001386.png,951817.0,2965,1
/mnt/data/dataset/apple-weight-dataset/v1/2000-19/image0000960.png,683069.0,2000,0
/mnt/data/dataset/apple-weight-dataset/v1/2000-23/image0001151.png,652693.0,2000,0
/mnt/data/dataset/apple-weight-dataset/v1/3200-10/image0000509.png,951724.0,3200,1
/mnt/data/dataset/apple-weight-dataset/v1/4060-16/image0000794.png,1056183.5,4060,2
/mnt/data/dataset/apple-weight-dataset/v1/2930-25/image0001235.png,872797.5,2930,1
/mnt/data/dataset/apple-weight-dataset/v1/3130-27/image0001341.png,945442.0,3130,1
/mnt/data/dataset/apple-weight-dataset/v1/3270-8/image0000420.png,948169.5,3270,1
/mnt/data/dataset/apple-weight-dataset/v1/2570-7/image0000387.png,773463.5,2570,1
/mnt/data/dataset/apple-weight-dataset/v1/2885-4/image0000276.png,911322.5,2885,1
/mnt/data/dataset/apple-weight-dataset/v1/2865-26/image0001309.png,870228.5,2865,1
/mnt/data/dataset/apple-weight-dataset/v1/2000-19/image0000965.png,611526.5,2000,0
/mnt/data/dataset/apple-weight-dataset/v1/4440-14/image0000672.png,1254477.0,4440,2
/mnt/data/dataset/apple-weight-dataset/v1/2415-1/image0000209.png,747400.5,2415,0
/mnt/data/dataset/apple-weight-dataset/v1/2965-28/image0001387.png,954145.0,2965,1
/mnt/data/dataset/apple-weight-dataset/v1/2570-7/image0000361.png,815392.5,2570,1
/mnt/data/dataset/apple-weight-dataset/v1/2045-22/image0001084.png,619424.5,2045,0
/mnt/data/dataset/apple-weight-dataset/v1/2755-6/image0000343.png,803433.0,2755,1
/mnt/data/dataset/apple-weight-dataset/v1/2930-25/image0001236.png,870157.0,2930,1
/mnt/data/dataset/apple-weight-dataset/v1/2080-21/image0001035.png,672582.0,2080,0
/mnt/data/dataset/apple-weight-dataset/v1/3280-9/image0000441.png,952054.0,3280,1
/mnt/data/dataset/apple-weight-dataset/v1/4440-14/image0000657.png,1218027.0,4440,2
/mnt/data/dataset/apple-weight-dataset/v1/3740-15/image0000752.png,1056711.5,3740,2
/mnt/data/dataset/apple-weight-dataset/v1/2080-21/image0001033.png,688224.0,2080,0
/mnt/data/dataset/apple-weight-dataset/v1/2755-6/image0000338.png,814921.5,2755,1
/mnt/data/dataset/apple-weight-dataset/v1/2000-18/image0000898.png,657375.5,2000,0
/mnt/data/dataset/apple-weight-dataset/v1/2440-3/image0000255.png,733371.0,2440,0
/mnt/data/dataset/apple-weight-dataset/v1/2000-18/image0000907.png,647758.5,2000,0
/mnt/data/dataset/apple-weight-dataset/v1/2930-25/image0001258.png,892758.0,2930,1
/mnt/data/dataset/apple-weight-dataset/v1/3130-27/image0001360.png,930510.0,3130,1
/mnt/data/dataset/apple-weight-dataset/v1/3130-27/image0001338.png,920618.5,3130,1
/mnt/data/dataset/apple-weight-dataset/v1/2440-3/image0000251.png,774610.0,2440,0
/mnt/data/dataset/apple-weight-dataset/v1/3210-11/image0000555.png,931203.5,3210,1
/mnt/data/dataset/apple-weight-dataset/v1/3640-12/image0000608.png,998706.5,3640,2
/mnt/data/dataset/apple-weight-dataset/v1/2940-29/image0001457.png,876241.5,2940,1
/mnt/data/dataset/apple-weight-dataset/v1/3790-17/image0000832.png,1072717.0,3790,2
/mnt/data/dataset/apple-weight-dataset/v1/2000-19/image0000962.png,616727.5,2000,0
/mnt/data/dataset/apple-weight-dataset/v1/2440-3/image0000260.png,562975.0,2440,0
/mnt/data/dataset/apple-weight-dataset/v1/3740-15/image0000728.png,1134846.5,3740,2
/mnt/data/dataset/apple-weight-dataset/v1/2080-21/image0001079.png,628548.5,2080,0
/mnt/data/dataset/apple-weight-dataset/v1/2000-18/image0000901.png,636005.5,2000,0
/mnt/data/dataset/apple-weight-dataset/v1/3130-27/image0001324.png,914518.0,3130,1
/mnt/data/dataset/apple-weight-dataset/v1/4440-14/image0000700.png,1241994.5,4440,2
/mnt/data/dataset/apple-weight-dataset/v1/2000-18/image0000895.png,616050.0,2000,0
/mnt/data/dataset/apple-weight-dataset/v1/2415-1/image0000206.png,675142.5,2415,0
/mnt/data/dataset/apple-weight-dataset/v1/2045-20/image0001019.png,607629.5,2045,0
/mnt/data/dataset/apple-weight-dataset/v1/3130-27/image0001353.png,886557.5,3130,1
/mnt/data/dataset/apple-weight-dataset/v1/3280-9/image0000454.png,957245.5,3280,1
/mnt/data/dataset/apple-weight-dataset/v1/2440-3/image0000241.png,768098.5,2440,0
/mnt/data/dataset/apple-weight-dataset/v1/3020-24/image0001195.png,938586.0,3020,1
/mnt/data/dataset/apple-weight-dataset/v1/4060-16/image0000804.png,1118230.5,4060,2
/mnt/data/dataset/apple-weight-dataset/v1/2755-6/image0000327.png,836493.5,2755,1
/mnt/data/dataset/apple-weight-dataset/v1/2885-4/image0000240.png,797180.5,2885,1
/mnt/data/dataset/apple-weight-dataset/v1/3640-12/image0000580.png,1055752.0,3640,2
/mnt/data/dataset/apple-weight-dataset/v1/3640-12/image0000609.png,975222.5,3640,2
/mnt/data/dataset/apple-weight-dataset/v1/2570-7/image0000383.png,756128.0,2570,1
/mnt/data/dataset/apple-weight-dataset/v1/3270-8/image0000410.png,986398.5,3270,1
/mnt/data/dataset/apple-weight-dataset/v1/2865-26/image0001296.png,852843.5,2865,1
/mnt/data/dataset/apple-weight-dataset/v1/2570-7/image0000369.png,783019.0,2570,1
/mnt/data/dataset/apple-weight-dataset/v1/3640-12/image0000607.png,1012464.5,3640,2
/mnt/data/dataset/apple-weight-dataset/v1/3280-9/image0000446.png,981305.0,3280,1
/mnt/data/dataset/apple-weight-dataset/v1/4060-16/image0000774.png,1134590.0,4060,2
/mnt/data/dataset/apple-weight-dataset/v1/3210-11/image0000531.png,940700.5,3210,1
/mnt/data/dataset/apple-weight-dataset/v1/3130-27/image0001330.png,893323.5,3130,1
/mnt/data/dataset/apple-weight-dataset/v1/2755-6/image0000310.png,833022.5,2755,1
/mnt/data/dataset/apple-weight-dataset/v1/2000-19/image0000973.png,653353.0,2000,0
/mnt/data/dataset/apple-weight-dataset/v1/2045-20/image0001008.png,627469.5,2045,0
/mnt/data/dataset/apple-weight-dataset/v1/2940-29/image0001444.png,845500.5,2940,1
/mnt/data/dataset/apple-weight-dataset/v1/2865-26/image0001292.png,855750.0,2865,1
/mnt/data/dataset/apple-weight-dataset/v1/3200-10/image0000521.png,938200.5,3200,1
/mnt/data/dataset/apple-weight-dataset/v1/4440-14/image0000667.png,1269164.5,4440,2
/mnt/data/dataset/apple-weight-dataset/v1/4025-13/image0000620.png,1192116.0,4025,2
/mnt/data/dataset/apple-weight-dataset/v1/3270-8/image0000435.png,953403.5,3270,1
/mnt/data/dataset/apple-weight-dataset/v1/2080-21/image0001048.png,667180.5,2080,0
/mnt/data/dataset/apple-weight-dataset/v1/2000-23/image0001171.png,598242.0,2000,0
/mnt/data/dataset/apple-weight-dataset/v1/2865-26/image0001277.png,883803.0,2865,1
/mnt/data/dataset/apple-weight-dataset/v1/2440-3/image0000259.png,704904.0,2440,0
/mnt/data/dataset/apple-weight-dataset/v1/2045-20/image0000989.png,621900.0,2045,0
/mnt/data/dataset/apple-weight-dataset/v1/2000-19/image0000967.png,597143.5,2000,0
/mnt/data/dataset/apple-weight-dataset/v1/2395-5/image0000291.png,741014.5,2395,0
/mnt/data/dataset/apple-weight-dataset/v1/3790-17/image0000846.png,1008926.5,3790,2
/mnt/data/dataset/apple-weight-dataset/v1/2865-26/image0001304.png,881465.5,2865,1
/mnt/data/dataset/apple-weight-dataset/v1/2965-28/image0001410.png,902997.0,2965,1
/mnt/data/dataset/apple-weight-dataset/v1/2865-26/image0001290.png,852116.5,2865,1
/mnt/data/dataset/apple-weight-dataset/v1/2570-7/image0000384.png,708018.5,2570,1
/mnt/data/dataset/apple-weight-dataset/v1/2395-5/image0000283.png,751706.0,2395,0
/mnt/data/dataset/apple-weight-dataset/v1/2000-19/image0000948.png,676133.0,2000,0
/mnt/data/dataset/apple-weight-dataset/v1/3270-8/image0000394.png,984827.5,3270,1
/mnt/data/dataset/apple-weight-dataset/v1/2395-5/image0000292.png,766485.5,2395,0
/mnt/data/dataset/apple-weight-dataset/v1/2570-7/image0000359.png,790199.5,2570,1
/mnt/data/dataset/apple-weight-dataset/v1/4060-16/image0000813.png,1093796.0,4060,2
/mnt/data/dataset/apple-weight-dataset/v1/2045-22/image0001119.png,637430.0,2045,0
/mnt/data/dataset/apple-weight-dataset/v1/2000-19/image0000977.png,638188.5,2000,0
/mnt/data/dataset/apple-weight-dataset/v1/2965-28/image0001374.png,967180.5,2965,1
/mnt/data/dataset/apple-weight-dataset/v1/3210-11/image0000532.png,925179.0,3210,1
/mnt/data/dataset/apple-weight-dataset/v1/2865-26/image0001287.png,886781.0,2865,1
/mnt/data/dataset/apple-weight-dataset/v1/2965-28/image0001397.png,877497.0,2965,1
/mnt/data/dataset/apple-weight-dataset/v1/2930-25/image0001232.png,880109.5,2930,1
/mnt/data/dataset/apple-weight-dataset/v1/2045-20/image0000999.png,613796.5,2045,0
/mnt/data/dataset/apple-weight-dataset/v1/4060-16/image0000786.png,1046249.5,4060,2
/mnt/data/dataset/apple-weight-dataset/v1/4025-13/image0000648.png,1039557.5,4025,2
/mnt/data/dataset/apple-weight-dataset/v1/2940-29/image0001446.png,845142.0,2940,1
/mnt/data/dataset/apple-weight-dataset/v1/4025-13/image0000632.png,1097340.5,4025,2
/mnt/data/dataset/apple-weight-dataset/v1/4440-14/image0000695.png,1237140.0,4440,2
/mnt/data/dataset/apple-weight-dataset/v1/2000-19/image0000939.png,657465.5,2000,0
/mnt/data/dataset/apple-weight-dataset/v1/4440-14/image0000708.png,1182211.0,4440,2
/mnt/data/dataset/apple-weight-dataset/v1/2045-22/image0001116.png,704650.0,2045,0
/mnt/data/dataset/apple-weight-dataset/v1/2080-21/image0001051.png,688187.0,2080,0
/mnt/data/dataset/apple-weight-dataset/v1/2965-28/image0001413.png,896337.0,2965,1
/mnt/data/dataset/apple-weight-dataset/v1/2965-28/image0001370.png,945996.5,2965,1
/mnt/data/dataset/apple-weight-dataset/v1/2360-2/image0000237.png,676907.0,2360,0
/mnt/data/dataset/apple-weight-dataset/v1/4440-14/image0000701.png,1254306.0,4440,2
/mnt/data/dataset/apple-weight-dataset/v1/4060-16/image0000788.png,1109500.5,4060,2
/mnt/data/dataset/apple-weight-dataset/v1/2360-2/image0000221.png,739014.5,2360,0
/mnt/data/dataset/apple-weight-dataset/v1/3020-24/image0001202.png,880140.5,3020,1
/mnt/data/dataset/apple-weight-dataset/v1/4060-16/image0000784.png,1034868.5,4060,2
/mnt/data/dataset/apple-weight-dataset/v1/2570-7/image0000380.png,765736.0,2570,1
/mnt/data/dataset/apple-weight-dataset/v1/3270-8/image0000395.png,982076.0,3270,1
/mnt/data/dataset/apple-weight-dataset/v1/2045-22/image0001107.png,634188.0,2045,0
/mnt/data/dataset/apple-weight-dataset/v1/2930-25/image0001252.png,867161.5,2930,1
/mnt/data/dataset/apple-weight-dataset/v1/2395-5/image0000280.png,786055.5,2395,0
/mnt/data/dataset/apple-weight-dataset/v1/2000-23/image0001162.png,614728.0,2000,0
/mnt/data/dataset/apple-weight-dataset/v1/3280-9/image0000483.png,957713.5,3280,1
/mnt/data/dataset/apple-weight-dataset/v1/2045-20/image0001031.png,625219.0,2045,0
/mnt/data/dataset/apple-weight-dataset/v1/2940-29/image0001426.png,933836.0,2940,1
/mnt/data/dataset/apple-weight-dataset/v1/2045-20/image0000994.png,661983.5,2045,0
/mnt/data/dataset/apple-weight-dataset/v1/3200-10/image0000519.png,937512.5,3200,1
/mnt/data/dataset/apple-weight-dataset/v1/2000-18/image0000921.png,615390.0,2000,0
/mnt/data/dataset/apple-weight-dataset/v1/2000-19/image0000978.png,618185.0,2000,0
/mnt/data/dataset/apple-weight-dataset/v1/2000-19/image0000937.png,655014.5,2000,0
/mnt/data/dataset/apple-weight-dataset/v1/3790-17/image0000859.png,1055379.0,3790,2
/mnt/data/dataset/apple-weight-dataset/v1/3640-12/image0000606.png,1026558.5,3640,2
/mnt/data/dataset/apple-weight-dataset/v1/2045-22/image0001085.png,627130.5,2045,0
/mnt/data/dataset/apple-weight-dataset/v1/2865-26/image0001272.png,844090.0,2865,1
/mnt/data/dataset/apple-weight-dataset/v1/3790-17/image0000870.png,1009269.0,3790,2
/mnt/data/dataset/apple-weight-dataset/v1/3280-9/image0000469.png,989356.5,3280,1
/mnt/data/dataset/apple-weight-dataset/v1/3020-24/image0001175.png,883500.5,3020,1
/mnt/data/dataset/apple-weight-dataset/v1/3020-24/image0001196.png,943404.0,3020,1
/mnt/data/dataset/apple-weight-dataset/v1/2965-28/image0001377.png,894176.0,2965,1
/mnt/data/dataset/apple-weight-dataset/v1/2940-29/image0001456.png,874962.5,2940,1
/mnt/data/dataset/apple-weight-dataset/v1/2940-29/image0001421.png,874668.0,2940,1
/mnt/data/dataset/apple-weight-dataset/v1/2360-2/image0000229.png,672723.0,2360,0
/mnt/data/dataset/apple-weight-dataset/v1/2940-29/image0001465.png,882860.0,2940,1
/mnt/data/dataset/apple-weight-dataset/v1/2570-7/image0000373.png,789804.0,2570,1
/mnt/data/dataset/apple-weight-dataset/v1/3280-9/image0000466.png,953184.5,3280,1
/mnt/data/dataset/apple-weight-dataset/v1/2000-18/image0000899.png,664258.0,2000,0
/mnt/data/dataset/apple-weight-dataset/v1/2360-2/image0000226.png,750044.5,2360,0
/mnt/data/dataset/apple-weight-dataset/v1/2000-23/image0001131.png,654392.5,2000,0
/mnt/data/dataset/apple-weight-dataset/v1/3280-9/image0000456.png,972429.5,3280,1
/mnt/data/dataset/apple-weight-dataset/v1/3130-27/image0001320.png,920415.0,3130,1
/mnt/data/dataset/apple-weight-dataset/v1/2940-29/image0001461.png,864334.5,2940,1
/mnt/data/dataset/apple-weight-dataset/v1/4440-14/image0000688.png,1170709.5,4440,2
/mnt/data/dataset/apple-weight-dataset/v1/4060-16/image0000808.png,1127477.0,4060,2
/mnt/data/dataset/apple-weight-dataset/v1/4440-14/image0000677.png,1289364.5,4440,2
/mnt/data/dataset/apple-weight-dataset/v1/3280-9/image0000468.png,972827.0,3280,1
/mnt/data/dataset/apple-weight-dataset/v1/2755-6/image0000336.png,800450.0,2755,1
/mnt/data/dataset/apple-weight-dataset/v1/3640-12/image0000592.png,1049491.5,3640,2
/mnt/data/dataset/apple-weight-dataset/v1/2940-29/image0001422.png,883964.5,2940,1
/mnt/data/dataset/apple-weight-dataset/v1/4060-16/image0000799.png,1080670.0,4060,2
/mnt/data/dataset/apple-weight-dataset/v1/4025-13/image0000631.png,1104830.5,4025,2
/mnt/data/dataset/apple-weight-dataset/v1/2045-22/image0001088.png,626214.5,2045,0
/mnt/data/dataset/apple-weight-dataset/v1/3020-24/image0001194.png,934438.0,3020,1
/mnt/data/dataset/apple-weight-dataset/v1/2930-25/image0001265.png,846519.0,2930,1
/mnt/data/dataset/apple-weight-dataset/v1/3740-15/image0000763.png,1068069.5,3740,2
/mnt/data/dataset/apple-weight-dataset/v1/2965-28/image0001414.png,895288.0,2965,1
/mnt/data/dataset/apple-weight-dataset/v1/3790-17/image0000829.png,1125542.0,3790,2
/mnt/data/dataset/apple-weight-dataset/v1/3130-27/image0001317.png,977621.5,3130,1
/mnt/data/dataset/apple-weight-dataset/v1/2570-7/image0000385.png,753882.0,2570,1
/mnt/data/dataset/apple-weight-dataset/v1/4060-16/image0000779.png,1128207.5,4060,2
/mnt/data/dataset/apple-weight-dataset/v1/3270-8/image0000413.png,962621.0,3270,1
/mnt/data/dataset/apple-weight-dataset/v1/2755-6/image0000320.png,869814.0,2755,1
/mnt/data/dataset/apple-weight-dataset/v1/2940-29/image0001437.png,903305.0,2940,1
/mnt/data/dataset/apple-weight-dataset/v1/4440-14/image0000682.png,1201449.0,4440,2
/mnt/data/dataset/apple-weight-dataset/v1/2045-20/image0000993.png,654907.0,2045,0
/mnt/data/dataset/apple-weight-dataset/v1/4025-13/image0000627.png,1203990.5,4025,2
/mnt/data/dataset/apple-weight-dataset/v1/3740-15/image0000716.png,1118618.0,3740,2
/mnt/data/dataset/apple-weight-dataset/v1/2080-21/image0001046.png,671354.0,2080,0
/mnt/data/dataset/apple-weight-dataset/v1/3210-11/image0000536.png,940069.0,3210,1
/mnt/data/dataset/apple-weight-dataset/v1/2080-21/image0001041.png,669497.5,2080,0
/mnt/data/dataset/apple-weight-dataset/v1/2045-22/image0001105.png,633541.0,2045,0
/mnt/data/dataset/apple-weight-dataset/v1/4025-13/image0000651.png,1134061.5,4025,2
/mnt/data/dataset/apple-weight-dataset/v1/3270-8/image0000409.png,981821.5,3270,1
/mnt/data/dataset/apple-weight-dataset/v1/2045-22/image0001126.png,691482.5,2045,0
/mnt/data/dataset/apple-weight-dataset/v1/3790-17/image0000884.png,1067063.0,3790,2
/mnt/data/dataset/apple-weight-dataset/v1/2755-6/image0000337.png,798535.5,2755,1
/mnt/data/dataset/apple-weight-dataset/v1/2865-26/image0001279.png,897867.0,2865,1
/mnt/data/dataset/apple-weight-dataset/v1/2000-18/image0000903.png,654248.0,2000,0
/mnt/data/dataset/apple-weight-dataset/v1/3020-24/image0001184.png,946527.0,3020,1
/mnt/data/dataset/apple-weight-dataset/v1/2755-6/image0000322.png,832729.0,2755,1
/mnt/data/dataset/apple-weight-dataset/v1/3790-17/image0000881.png,1054079.0,3790,2
/mnt/data/dataset/apple-weight-dataset/v1/2965-28/image0001383.png,906038.0,2965,1
/mnt/data/dataset/apple-weight-dataset/v1/2080-21/image0001075.png,622419.0,2080,0
/mnt/data/dataset/apple-weight-dataset/v1/2940-29/image0001449.png,841157.5,2940,1
/mnt/data/dataset/apple-weight-dataset/v1/3280-9/image0000440.png,954423.0,3280,1
/mnt/data/dataset/apple-weight-dataset/v1/3790-17/image0000864.png,1069566.0,3790,2
/mnt/data/dataset/apple-weight-dataset/v1/4440-14/image0000707.png,1201110.0,4440,2
/mnt/data/dataset/apple-weight-dataset/v1/4440-14/image0000684.png,1184188.5,4440,2
/mnt/data/dataset/apple-weight-dataset/v1/3790-17/image0000880.png,1077346.0,3790,2
/mnt/data/dataset/apple-weight-dataset/v1/2000-19/image0000951.png,664717.0,2000,0
/mnt/data/dataset/apple-weight-dataset/v1/4025-13/image0000613.png,1164917.5,4025,2
/mnt/data/dataset/apple-weight-dataset/v1/2930-25/image0001267.png,858805.5,2930,1
/mnt/data/dataset/apple-weight-dataset/v1/3790-17/image0000834.png,1066131.0,3790,2
/mnt/data/dataset/apple-weight-dataset/v1/4440-14/image0000653.png,1283366.0,4440,2
/mnt/data/dataset/apple-weight-dataset/v1/2000-18/image0000891.png,664733.5,2000,0
/mnt/data/dataset/apple-weight-dataset/v1/2395-5/image0000299.png,681115.0,2395,0
/mnt/data/dataset/apple-weight-dataset/v1/2930-25/image0001238.png,932520.5,2930,1
/mnt/data/dataset/apple-weight-dataset/v1/3020-24/image0001198.png,899537.0,3020,1
/mnt/data/dataset/apple-weight-dataset/v1/4025-13/image0000636.png,1016464.0,4025,2
/mnt/data/dataset/apple-weight-dataset/v1/4025-13/image0000641.png,1125982.5,4025,2
/mnt/data/dataset/apple-weight-dataset/v1/4060-16/image0000765.png,1200986.0,4060,2
/mnt/data/dataset/apple-weight-dataset/v1/2395-5/image0000302.png,697728.5,2395,0
/mnt/data/dataset/apple-weight-dataset/v1/3790-17/image0000877.png,1099747.5,3790,2
/mnt/data/dataset/apple-weight-dataset/v1/3790-17/image0000854.png,1070278.5,3790,2
/mnt/data/dataset/apple-weight-dataset/v1/2000-23/image0001145.png,654052.0,2000,0
/mnt/data/dataset/apple-weight-dataset/v1/4060-16/image0000821.png,1074071.5,4060,2
/mnt/data/dataset/apple-weight-dataset/v1/2000-19/image0000946.png,676654.5,2000,0
/mnt/data/dataset/apple-weight-dataset/v1/2395-5/image0000308.png,697732.5,2395,0
/mnt/data/dataset/apple-weight-dataset/v1/2000-23/image0001166.png,596966.0,2000,0
/mnt/data/dataset/apple-weight-dataset/v1/2000-18/image0000894.png,629121.0,2000,0
/mnt/data/dataset/apple-weight-dataset/v1/3020-24/image0001212.png,865350.5,3020,1
/mnt/data/dataset/apple-weight-dataset/v1/3020-24/image0001178.png,923896.5,3020,1
/mnt/data/dataset/apple-weight-dataset/v1/2000-23/image0001142.png,654571.0,2000,0
/mnt/data/dataset/apple-weight-dataset/v1/2000-23/image0001146.png,630296.5,2000,0
/mnt/data/dataset/apple-weight-dataset/v1/2940-29/image0001415.png,919580.5,2940,1
/mnt/data/dataset/apple-weight-dataset/v1/2080-21/image0001043.png,685069.0,2080,0
/mnt/data/dataset/apple-weight-dataset/v1/2440-3/image0000252.png,548631.0,2440,0
/mnt/data/dataset/apple-weight-dataset/v1/2570-7/image0000349.png,812477.0,2570,1
/mnt/data/dataset/apple-weight-dataset/v1/3280-9/image0000485.png,960699.0,3280,1
/mnt/data/dataset/apple-weight-dataset/v1/3210-11/image0000547.png,1003594.0,3210,1
/mnt/data/dataset/apple-weight-dataset/v1/2865-26/image0001285.png,863554.5,2865,1
/mnt/data/dataset/apple-weight-dataset/v1/3130-27/image0001348.png,928444.0,3130,1
/mnt/data/dataset/apple-weight-dataset/v1/2395-5/image0000294.png,684611.0,2395,0
/mnt/data/dataset/apple-weight-dataset/v1/3740-15/image0000756.png,1097323.0,3740,2
/mnt/data/dataset/apple-weight-dataset/v1/3270-8/image0000417.png,970736.5,3270,1
/mnt/data/dataset/apple-weight-dataset/v1/2045-22/image0001120.png,630057.5,2045,0
